<?xml version="1.0" encoding="UTF-8"?>
<project-private xmlns="http://www.netbeans.org/ns/project-private/1">
    <editor-bookmarks xmlns="http://www.netbeans.org/ns/editor-bookmarks/2" lastBookmarkId="0"/>
    <open-files xmlns="http://www.netbeans.org/ns/projectui-open-files/2">
        <group>
            <file>file:/C:/Users/Cristhian%20Girón/OneDrive/Documents/NetBeansProjects/Tarea2EstructuraDatos/src/Vista/NewMain.java</file>
            <file>file:/C:/Users/Cristhian%20Girón/OneDrive/Documents/NetBeansProjects/Tarea2EstructuraDatos/src/Controlador/PersonaControl.java</file>
            <file>file:/C:/Users/Cristhian%20Girón/OneDrive/Documents/NetBeansProjects/Tarea2EstructuraDatos/src/Controlador/Utiles.java</file>
            <file>file:/C:/Users/Cristhian%20Girón/OneDrive/Documents/NetBeansProjects/Tarea2EstructuraDatos/src/Vista/FrmCliente.java</file>
            <file>file:/C:/Users/Cristhian%20Girón/OneDrive/Documents/NetBeansProjects/Tarea2EstructuraDatos/src/tarea2estructuradatos/Tarea2EstructuraDatos.java</file>
            <file>file:/C:/Users/Cristhian%20Girón/OneDrive/Documents/NetBeansProjects/Tarea2EstructuraDatos/src/Modelo/Cliente.java</file>
        </group>
    </open-files>
</project-private>
